"Player","Team","POS","ATT","YDS","TDS","REC","YDS","TDS","FL","FPTS"
" "," ","","",""
"Christian McCaffrey","SF","RB1","216.9","1,004.4","7.5","75.0","636.2","4.2","1.0","232.0"
"Austin Ekeler","LAC","RB2","191.2","861.2","9.4","77.6","599.5","3.9","1.7","222.3"
"Nick Chubb","CLE","RB3","274.4","1,365.3","9.2","27.5","234.4","1.1","1.6","218.6"
"Derrick Henry","TEN","RB4","304.2","1,333.8","9.1","31.9","270.0","0.8","2.0","216.1"
"Josh Jacobs","LV","RB5","266.6","1,237.6","9.8","40.6","297.0","0.9","1.7","214.3"
"Bijan Robinson","ATL","RB6","240.7","1,150.9","8.5","41.2","339.1","2.1","1.9","208.5"
"Tony Pollard","DAL","RB7","218.1","1,082.9","7.9","44.8","372.7","2.1","0.8","204.4"
"Saquon Barkley","NYG","RB8","251.7","1,124.4","7.9","51.9","367.4","1.7","1.2","204.3"
"Justin Jefferson","MIN","WR1","3.7","18.1","0.3","109.8","1,528.7","8.0","0.4","203.7"
"Jonathan Taylor","IND","RB9","267.1","1,239.5","8.5","32.0","227.1","0.9","2.2","199.2"
"Ja'Marr Chase","CIN","WR2","5.2","24.6","0.1","107.0","1,376.9","10.0","1.1","198.8"
"Tyreek Hill","MIA","WR3","9.5","57.1","0.6","105.5","1,402.9","8.0","0.5","196.1"
"Cooper Kupp","LAR","WR4","7.1","70.0","0.9","103.5","1,319.9","8.7","0.6","194.9"
"Joe Mixon","CIN","RB10","236.4","981.9","7.7","51.0","372.8","2.2","1.1","192.4"
"Rhamondre Stevenson","NE","RB11","218.9","1,044.7","6.5","55.8","383.3","1.5","1.6","187.4"
"Aaron Jones","GB","RB12","201.8","992.9","5.6","51.4","385.3","2.8","1.3","185.2"
"Najee Harris","PIT","RB13","263.0","1,037.7","6.8","40.3","272.3","2.3","1.5","182.6"
"Travis Kelce","KC","TE1","0.0","2.5","0.0","104.8","1,242.6","9.8","0.6","182.4"
"CeeDee Lamb","DAL","WR5","8.5","55.1","0.3","97.4","1,274.6","8.0","0.5","181.4"
"Breece Hall","NYJ","RB14","190.9","947.3","6.6","40.6","359.5","2.2","1.2","181.0"
"Travis Etienne Jr.","JAC","RB15","221.8","1,089.8","6.6","36.4","293.9","1.0","2.3","179.1"
"Stefon Diggs","BUF","WR6","0.8","3.9","0.0","96.5","1,285.8","8.5","0.6","178.6"
"Davante Adams","LV","WR7","1.8","6.7","0.1","94.4","1,235.3","9.0","0.5","177.6"
"Kenneth Walker III","SEA","RB16","227.3","1,034.6","8.2","27.6","183.3","0.7","0.6","173.8"
"A.J. Brown","PHI","WR8","0.4","4.6","0.0","79.1","1,209.1","8.7","0.6","172.4"
"Alexander Mattison","MIN","RB17","214.7","935.8","8.0","33.4","229.4","1.6","1.2","171.4"
"James Conner","ARI","RB18","212.3","907.2","6.9","41.4","300.8","1.3","1.3","167.3"
"Dameon Pierce","HOU","RB19","256.1","1,072.0","5.8","32.6","215.9","1.1","2.3","165.7"
"Jaylen Waddle","MIA","WR9","4.1","35.8","0.3","79.5","1,179.8","6.5","0.6","160.7"
"Jahmyr Gibbs","DET","RB20","177.3","778.1","6.5","44.2","348.8","2.0","1.5","160.3"
"Miles Sanders","CAR","RB21","214.3","1,002.7","6.0","29.8","209.2","0.8","1.4","159.1"
"Amon-Ra St. Brown","DET","WR10","7.8","62.4","0.4","101.0","1,147.5","5.8","0.4","157.8"
"Isiah Pacheco","KC","RB22","196.8","940.4","6.9","25.0","204.3","0.7","1.9","156.3"
"Cam Akers","LAR","RB23","235.8","975.3","6.4","24.5","204.3","0.7","2.1","156.2"
"J.K. Dobbins","BAL","RB24","177.7","904.2","6.8","23.3","166.9","1.6","0.7","156.2"
"Rachaad White","TB","RB25","206.4","843.8","4.6","46.9","337.4","1.9","2.7","151.5"
"Deebo Samuel","SF","WR11","43.0","258.8","2.5","71.0","901.9","3.9","1.5","151.3"
"Amari Cooper","CLE","WR12","0.7","1.9","0.0","75.3","1,062.5","7.3","0.3","149.8"
"Garrett Wilson","NYJ","WR13","1.9","3.3","0.0","84.8","1,145.4","6.1","0.7","149.7"
"David Montgomery","DET","RB26","194.9","782.0","6.3","33.2","278.9","1.2","1.3","148.3"
"Tee Higgins","CIN","WR14","0.7","2.9","0.0","80.2","1,088.3","6.5","0.5","147.2"
"Chris Olave","NO","WR15","0.0","0.2","0.0","81.2","1,136.6","5.6","1.4","144.8"
"Christian Watson","GB","WR16","7.4","66.6","1.0","69.6","955.3","6.1","0.3","144.0"
"DeVonta Smith","PHI","WR17","0.0","0.2","0.0","84.3","1,062.3","6.3","0.6","142.7"
"DK Metcalf","SEA","WR18","0.2","1.3","0.0","82.0","1,006.2","7.1","0.8","141.6"
"Jerry Jeudy","DEN","WR19","1.5","15.4","0.0","74.0","1,058.6","5.7","0.3","140.8"
"Javonte Williams","DEN","RB27","170.4","794.5","4.6","36.5","256.8","1.7","1.5","140.0"
"James Cook","BUF","RB28","152.8","777.3","4.6","34.7","261.2","1.7","1.4","139.1"
"Calvin Ridley","JAC","WR20","1.7","4.2","0.0","79.3","1,011.7","6.3","0.5","138.6"
"Terry McLaurin","WAS","WR21","3.1","19.4","0.1","72.4","1,032.7","5.2","0.4","135.9"
"Mike Williams","LAC","WR22","1.2","5.3","0.0","71.1","995.5","6.0","0.3","135.4"
"Alvin Kamara","NO","RB29","164.7","691.1","3.6","40.9","357.4","1.7","1.1","134.9"
"Keenan Allen","LAC","WR23","1.6","8.9","0.0","90.0","1,008.4","5.5","0.6","134.0"
"Mike Evans","TB","WR24","0.1","8.0","0.0","71.2","982.4","5.9","0.3","133.6"
"Christian Kirk","JAC","WR25","3.3","19.9","0.1","76.0","946.1","6.2","0.4","133.2"
"D'Andre Swift","PHI","RB30","125.5","584.1","5.1","42.0","343.0","1.9","0.9","133.1"
"AJ Dillon","GB","RB31","169.5","738.3","5.8","25.9","205.5","0.8","0.9","132.1"
"DeAndre Hopkins","TEN","WR26","0.2","1.4","0.0","76.4","992.5","5.6","0.7","131.4"
"DJ Moore","CHI","WR27","5.1","33.0","0.0","65.0","911.7","6.1","0.5","130.2"
"Brian Robinson Jr.","WAS","RB32","213.5","896.4","4.5","16.3","105.9","0.7","0.7","129.7"
"Mark Andrews","BAL","TE2","0.0","11.9","0.1","75.0","887.0","6.3","0.4","127.2"
"Chris Godwin","TB","WR28","2.3","11.3","0.1","92.6","980.9","4.4","1.0","124.2"
"Brandon Aiyuk","SF","WR29","2.8","18.7","0.2","63.8","899.9","5.3","0.5","123.8"
"Drake London","ATL","WR30","0.0","0.2","0.0","75.9","941.7","5.6","2.1","123.5"
"Tyler Lockett","SEA","WR31","0.3","0.8","0.0","71.2","882.7","5.8","0.5","121.9"
"Marquise Brown","ARI","WR32","1.7","9.9","0.0","78.5","899.2","5.0","0.4","120.2"
"Brandin Cooks","DAL","WR33","2.6","18.7","0.1","69.2","875.7","5.1","0.3","120.0"
"Gabe Davis","BUF","WR34","0.1","0.9","0.0","51.3","823.2","6.3","0.4","119.6"
"Jahan Dotson","WAS","WR35","3.1","9.9","0.1","57.2","815.3","6.1","0.3","119.0"
"George Pickens","PIT","WR36","2.3","16.0","0.4","54.3","838.8","5.1","0.3","117.8"
"Khalil Herbert","CHI","RB33","152.9","764.9","4.3","18.6","125.2","0.7","0.6","117.7"
"T.J. Hockenson","MIN","TE3","0.0","0.7","0.0","82.4","830.6","5.8","0.5","116.6"
"Samaje Perine","DEN","RB34","148.8","625.6","3.8","29.1","233.7","1.5","0.6","116.6"
"George Kittle","SF","TE4","0.0","4.3","0.0","60.7","800.3","6.1","0.5","116.2"
"Rashaad Penny","PHI","RB35","161.5","776.8","5.3","9.1","61.4","0.3","1.0","115.6"
"Diontae Johnson","PIT","WR37","4.7","24.8","0.0","79.0","885.5","4.2","0.7","114.8"
"Antonio Gibson","WAS","RB36","135.4","546.1","3.6","43.2","314.3","1.5","1.3","113.7"
"Michael Pittman Jr.","IND","WR38","1.9","18.9","0.0","75.7","863.8","4.3","0.5","113.2"
"Jeff Wilson Jr.","MIA","RB37","141.6","651.6","4.5","22.6","173.8","1.1","1.5","112.6"
"Jordan Addison","MIN","WR39","2.0","11.7","0.1","61.8","820.2","4.7","0.9","110.1"
"Treylon Burks","TEN","WR40","6.3","51.9","0.1","58.4","800.6","3.9","0.3","108.4"
"Jamaal Williams","NO","RB38","156.8","649.1","5.3","14.0","104.9","0.5","1.0","107.7"
"Kadarius Toney","KC","WR41","10.9","112.4","1.5","56.4","627.3","4.2","0.7","106.3"
"Michael Thomas","NO","WR42","0.4","1.6","0.0","66.0","778.4","4.6","0.3","105.2"
"Elijah Mitchell","SF","RB39","144.5","654.3","4.2","13.1","95.6","0.8","0.6","103.8"
"Jaxon Smith-Njigba","SEA","WR43","1.5","10.2","0.0","57.8","780.0","4.3","0.8","103.1"
"Darren Waller","NYG","TE5","0.0","1.1","0.0","63.3","773.2","4.4","0.6","102.5"
"JuJu Smith-Schuster","NE","WR44","0.2","1.2","0.1","69.1","776.2","4.2","0.7","101.8"
"Courtland Sutton","DEN","WR45","0.6","3.3","0.0","57.6","783.6","3.9","0.3","101.2"
"Zay Flowers","BAL","WR46","1.4","12.2","0.1","53.4","735.1","4.5","0.8","100.7"
"Kyle Pitts","ATL","TE6","0.0","0.5","0.0","59.2","772.1","3.9","0.3","100.3"
"Raheem Mostert","MIA","RB40","137.1","607.0","3.3","23.7","165.6","0.9","1.1","100.1"
"Dallas Goedert","PHI","TE7","0.0","0.4","0.0","64.5","756.8","4.2","0.6","100.0"
"Tyler Allgeier","ATL","RB41","148.6","689.9","3.3","11.5","89.7","0.5","0.6","99.6"
"Nico Collins","HOU","WR47","0.0","0.2","0.0","58.7","725.8","4.5","0.3","99.1"
"Jakobi Meyers","LV","WR48","1.2","2.5","0.0","63.4","756.2","3.9","1.0","97.6"
"Damien Harris","BUF","RB42","132.3","586.2","4.3","17.0","117.7","0.4","1.0","96.6"
"Tyler Boyd","CIN","WR49","1.9","10.6","0.0","57.9","718.4","3.8","0.5","95.0"
"Allen Lazard","NYJ","WR50","1.4","9.9","0.0","53.3","668.5","4.4","0.3","93.7"
"Marquez Valdes-Scantling","KC","WR51","0.9","2.4","0.0","44.1","694.9","4.0","0.1","93.5"
"D'Onta Foreman","CHI","RB43","138.7","677.7","3.4","6.9","52.2","0.2","0.9","93.1"
"Rashod Bateman","BAL","WR52","0.0","0.4","0.0","48.9","721.1","3.8","1.0","92.7"
"Adam Thielen","CAR","WR53","0.7","5.0","0.1","57.5","667.5","4.3","0.4","92.5"
"Rondale Moore","ARI","WR54","14.9","62.0","0.1","70.6","720.1","2.3","0.6","91.1"
"Quentin Johnston","LAC","WR55","3.4","17.5","0.1","48.0","684.8","3.6","0.8","91.0"
"DeVante Parker","NE","WR56","0.0","0.2","0.0","45.6","680.6","3.7","0.0","90.4"
"Devin Singletary","HOU","RB44","129.6","548.6","2.9","25.0","180.9","0.4","1.2","90.1"
"DJ Chark Jr.","CAR","WR57","0.2","1.7","0.0","43.0","683.2","3.6","0.0","90.0"
"Zay Jones","JAC","WR58","1.8","7.5","0.0","62.0","679.6","3.7","0.5","89.9"
"Chuba Hubbard","CAR","RB45","113.2","527.2","3.2","18.4","161.0","0.5","0.7","89.4"
"Darnell Mooney","CHI","WR59","1.9","9.0","0.1","50.7","656.1","3.8","0.3","88.9"
"Jonathan Mingo","CAR","WR60","1.6","15.7","0.1","47.8","665.7","3.4","0.5","88.3"
"Zach Charbonnet","SEA","RB46","115.8","503.4","3.2","19.8","164.3","0.7","1.0","87.7"
"Jameson Williams","DET","WR61","2.5","24.7","0.1","42.2","637.8","3.6","0.5","87.6"
"Romeo Doubs","GB","WR62","0.8","7.7","0.0","53.9","627.7","4.3","0.8","87.5"
"Donovan Peoples-Jones","CLE","WR63","0.5","0.6","0.0","46.7","690.7","3.2","0.6","87.1"
"Evan Engram","JAC","TE8","0.0","5.8","0.0","63.8","657.1","3.6","0.5","87.0"
"Pat Freiermuth","PIT","TE9","0.0","0.4","0.0","59.7","634.3","4.0","0.5","86.7"
"Curtis Samuel","WAS","WR64","26.2","144.9","0.9","48.4","515.3","2.6","0.5","85.7"
"Jaylen Warren","PIT","RB47","104.8","473.3","2.6","23.1","197.9","0.4","0.4","84.5"
"Chigoziem Okonkwo","TEN","TE10","5.0","18.9","0.2","48.2","587.5","3.8","0.0","84.2"
"Van Jefferson","LAR","WR65","0.9","6.1","0.0","42.2","598.7","3.9","0.0","84.0"
"De'Von Achane","MIA","RB48","112.4","452.7","2.9","21.6","180.8","0.9","0.9","84.0"
"Jerick McKinnon","KC","RB49","58.3","228.6","1.7","39.3","335.9","3.1","0.5","83.8"
"David Njoku","CLE","TE11","0.0","6.1","0.0","53.8","585.2","4.2","0.5","83.8"
"Michael Gallup","DAL","WR66","0.0","0.9","0.0","45.7","598.6","3.9","0.0","83.2"
"Greg Dulcich","DEN","TE12","0.0","0.8","0.0","49.4","598.3","3.8","0.0","82.9"
"Dalton Schultz","HOU","TE13","0.0","0.4","0.0","56.7","585.6","4.2","0.5","82.8"
"Hunter Renfrow","LV","WR67","0.6","4.7","0.0","62.0","607.3","3.8","0.6","82.8"
"Rashid Shaheed","NO","WR68","3.4","47.1","0.9","36.8","582.1","2.4","0.3","81.9"
"Isaiah Hodgins","NYG","WR69","0.0","0.7","0.0","47.2","540.0","4.9","0.7","81.9"
"Skyy Moore","KC","WR70","6.1","36.2","0.2","48.0","616.0","3.5","2.9","81.5"
"K.J. Osborn","MIN","WR71","2.6","12.2","0.1","47.5","543.3","4.3","0.3","81.1"
"Odell Beckham Jr.","BAL","WR72","1.4","20.5","0.3","41.2","557.9","3.5","0.1","80.3"
"Elijah Moore","CLE","WR73","4.9","24.4","0.2","42.7","578.5","3.1","0.3","79.4"
"Gus Edwards","BAL","RB50","112.2","534.7","3.2","6.7","59.1","0.2","0.9","77.5"
"John Metchie III","HOU","WR74","1.5","10.9","0.1","43.6","583.6","3.0","0.2","77.3"
"Tyler Higbee","LAR","TE14","0.0","0.5","0.0","60.7","565.7","3.4","0.3","76.4"
"Jayden Reed","GB","WR75","1.3","12.9","0.1","45.1","580.3","2.8","0.2","75.8"
"Gerald Everett","LAC","TE15","0.0","0.7","0.0","52.6","533.4","3.7","0.6","74.2"
"Robert Woods","HOU","WR76","4.1","19.6","0.2","55.5","552.1","2.8","0.4","74.0"
"Juwan Johnson","NO","TE16","0.0","0.4","0.0","40.4","476.4","4.2","0.0","72.7"
"Alec Pierce","IND","WR77","0.0","0.2","0.0","36.6","577.1","2.4","0.0","72.2"
"Roschon Johnson","CHI","RB51","102.0","459.3","2.5","8.9","102.7","0.5","1.0","72.0"
"Darius Slayton","NYG","WR78","0.7","1.9","0.0","38.1","583.7","2.4","0.6","71.9"
"Mecole Hardman Jr.","NYJ","WR79","8.1","62.6","0.9","37.6","457.5","2.6","0.9","71.3"
"Tank Bigsby","JAC","RB52","103.4","413.6","2.5","15.1","125.8","0.6","0.9","70.7"
"Kenneth Gainwell","PHI","RB53","75.3","343.4","3.1","19.2","152.2","0.6","0.6","70.6"
"Dalton Kincaid","BUF","TE17","0.0","1.0","0.0","41.3","486.9","3.7","0.4","70.4"
"Cole Kmet","CHI","TE18","0.0","1.1","0.0","42.5","469.6","3.9","0.1","70.3"
"Chase Claypool","CHI","WR80","6.0","40.2","0.2","35.3","503.3","2.6","0.5","70.3"
"Corey Davis","NYJ","WR81","0.0","0.5","0.0","36.8","544.6","2.6","0.1","69.8"
"Khalil Shakir","BUF","WR82","1.8","9.2","0.1","41.4","540.0","2.4","0.2","69.5"
"Russell Gage","TB","WR83","0.4","1.5","0.0","53.9","542.4","2.7","0.6","69.5"
"Allen Robinson II","PIT","WR84","0.1","0.4","0.0","42.5","532.2","2.5","0.0","68.5"
"Mack Hollins","ATL","WR85","0.7","16.0","0.1","43.3","490.6","2.8","0.2","67.4"
"Rashee Rice","KC","WR86","1.5","9.6","0.0","34.1","498.3","2.8","0.5","67.0"
"Tyquan Thornton","NE","WR87","3.0","11.6","0.7","35.6","444.4","2.8","0.0","66.5"
"Chase Edmonds","TB","RB54","79.4","350.4","1.7","21.2","167.6","0.8","0.4","66.3"
"Marvin Jones Jr.","DET","WR88","0.1","0.6","0.0","36.5","481.2","3.0","0.0","66.2"
"Greg Dortch","ARI","WR89","6.4","51.6","0.1","54.6","499.9","2.0","0.6","66.1"
"Irv Smith Jr.","CIN","TE19","0.0","0.5","0.0","43.3","414.0","4.1","0.0","65.8"
"Cordarrelle Patterson","ATL","RB55","72.3","307.8","2.3","19.2","159.3","0.8","0.4","64.8"
"Zonovan Knight","NYJ","RB56","101.5","396.5","1.8","16.1","117.8","0.6","0.4","64.5"
"Hunter Henry","NE","TE20","0.0","0.5","0.0","39.1","471.9","2.8","0.1","64.0"
"Noah Fant","SEA","TE21","0.0","0.8","0.0","44.6","461.4","2.8","0.1","62.9"
"Sam LaPorta","DET","TE22","0.0","0.8","0.0","39.4","437.2","3.3","0.4","62.7"
"Joshua Kelley","LAC","RB57","93.0","380.3","2.3","13.6","115.8","0.3","1.2","62.6"
"Hayden Hurst","CAR","TE23","0.0","0.4","0.0","45.3","437.6","3.0","0.5","60.9"
"Dawson Knox","BUF","TE24","0.0","0.7","0.0","35.4","400.7","3.5","0.2","60.7"
"Tyjae Spears","TEN","RB58","89.6","353.0","1.8","15.3","127.0","0.6","0.8","60.7"
"Clyde Edwards-Helaire","KC","RB59","76.9","326.5","2.1","12.2","109.3","0.9","0.5","60.4"
"Parris Campbell","NYG","WR90","3.2","36.8","0.1","35.7","436.7","2.2","0.2","60.4"
"Joshua Palmer","LAC","WR91","0.7","2.3","0.0","37.1","467.5","2.1","0.3","59.1"
"Ty Chandler","MIN","RB60","83.2","340.6","2.2","12.7","98.0","0.5","0.9","58.3"
"Jelani Woods","IND","TE25","0.0","0.9","0.0","34.3","415.5","2.7","0.0","58.1"
"Wan'Dale Robinson","NYG","WR92","2.5","10.1","0.1","35.4","456.4","1.9","0.5","57.4"
"Chase Brown","CIN","RB61","74.1","300.5","1.8","17.7","143.4","0.6","0.8","57.3"
"Tyler Conklin","NYJ","TE26","0.0","4.1","0.0","46.0","428.0","2.3","0.0","57.3"
"Jerome Ford","CLE","RB62","93.8","347.3","1.8","11.0","104.4","0.3","0.6","57.0"
"Cade Otton","TB","TE27","0.0","0.7","0.0","44.2","440.4","2.1","0.0","56.8"
"Zach Ertz","ARI","TE28","0.0","0.3","0.0","43.0","427.0","2.4","0.4","56.1"
"Josh Reynolds","DET","WR93","0.4","0.6","0.0","31.4","437.2","2.1","0.2","56.1"
"Kendre Miller","NO","RB63","77.4","306.7","1.8","12.9","122.7","0.6","0.8","55.5"
"Mike Gesicki","NE","TE29","0.0","0.3","0.0","35.2","403.7","2.5","0.1","55.3"
"Jalin Hyatt","NYG","WR94","1.4","9.5","0.0","31.6","429.9","2.0","0.5","55.3"
"Michael Carter","NYJ","RB64","68.5","262.0","1.2","22.1","183.3","0.7","0.5","55.0"
"Nick Westbrook-Ikhine","TEN","WR95","0.0","0.4","0.0","29.1","400.3","2.5","0.2","54.5"
"Michael Mayer","LV","TE30","0.0","1.2","0.0","36.7","389.6","2.7","0.4","54.3"
"Kendrick Bourne","NE","WR96","3.7","28.0","0.1","26.6","401.3","1.7","0.1","54.0"
"Pierre Strong Jr.","NE","RB65","82.3","326.0","1.8","10.2","90.0","0.2","0.5","52.9"
"Logan Thomas","WAS","TE31","0.0","0.7","0.0","42.8","406.5","2.0","0.1","52.4"
"Ben Skowronek","LAR","WR97","0.5","5.7","0.4","40.8","395.1","1.7","0.0","52.4"
"Trey McBride","ARI","TE32","0.0","0.5","0.0","37.5","399.4","2.2","0.4","52.1"
"Israel Abanikanda","NYJ","RB66","73.9","301.6","1.6","11.5","116.9","0.4","0.9","52.1"
"Ronald Jones II","DAL","RB67","83.5","351.6","2.2","5.0","42.4","0.2","0.7","51.9"
"Taysom Hill","NO","TE33","24.8","130.0","2.0","12.7","188.1","1.8","1.2","51.9"
"Keaontay Ingram","ARI","RB68","75.2","303.0","1.8","13.6","91.3","0.3","0.4","51.1"
"Kyren Williams","LAR","RB69","83.4","302.6","1.2","14.4","120.5","0.3","0.5","50.5"
"Terrace Marshall Jr.","CAR","WR98","0.0","0.2","0.0","22.9","412.5","1.4","0.0","49.4"
"Cedric Tillman","CLE","WR99","1.8","11.3","0.1","0.0","442.0","0.5","0.3","48.3"
"Luke Musgrave","GB","TE34","0.0","1.3","0.0","33.0","349.7","2.3","0.4","47.9"
"Richie James Jr.","KC","WR100","0.6","1.7","0.0","26.8","350.8","2.2","1.2","46.1"
"Zack Moss","IND","RB70","69.9","306.5","1.5","8.4","59.2","0.2","0.5","45.5"
"Latavius Murray","BUF","RB71","57.8","277.0","1.6","10.3","71.9","0.2","0.3","44.9"
"Laviska Shenault Jr.","CAR","WR101","18.6","88.1","0.8","19.8","265.5","0.8","0.2","44.4"
"Sterling Shepard","NYG","WR102","2.0","12.8","0.1","26.3","336.0","1.6","0.3","44.1"
"Matt Breida","NYG","RB72","59.1","264.5","1.2","12.9","103.4","0.3","0.8","44.1"
"Marvin Mims Jr.","DEN","WR103","1.1","5.3","0.0","21.3","346.5","1.5","0.2","44.0"
"Isaiah McKenzie","IND","WR104","7.9","38.3","0.3","25.9","301.6","1.3","0.0","43.6"
"Isaiah Spiller","LAC","RB73","69.3","269.2","1.2","9.5","80.5","0.3","0.3","43.2"
"Isaiah Likely","BAL","TE35","0.0","0.6","0.0","24.5","304.2","2.1","0.0","42.8"
"Josh Downs","IND","WR105","1.2","8.1","0.0","19.7","343.1","1.3","0.2","42.5"
"Jake Ferguson","DAL","TE36","0.0","0.5","0.0","28.2","292.6","2.1","0.0","42.2"
"Kayshon Boutte","NE","WR106","1.6","9.8","0.1","0.0","388.5","0.3","0.3","41.6"
"Malik Davis","DAL","RB74","63.6","263.4","1.4","5.7","59.6","0.2","0.3","41.5"
"Tutu Atwell","LAR","WR107","7.0","31.7","0.4","20.6","300.8","1.1","0.4","41.4"
"Austin Hooper","LV","TE37","0.0","0.3","0.0","29.1","308.3","1.7","0.0","41.3"
"Puka Nacua","LAR","WR108","1.5","9.5","0.1","0.0","377.9","0.3","0.2","40.7"
"Zach Evans","LAR","RB75","60.9","221.9","1.2","9.3","86.7","0.4","0.5","39.6"
"Justyn Ross","KC","WR109","1.5","9.2","0.1","0.0","366.8","0.2","0.2","39.0"
"Kenyan Drake","IND","RB76","54.7","226.0","1.1","12.6","95.7","0.2","0.5","38.5"
"Corey Clement","ARI","RB77","55.5","202.1","1.7","11.7","79.0","0.2","0.4","38.5"
"Melvin Gordon III","BAL","RB78","56.2","231.5","0.9","11.7","89.2","0.3","0.8","38.0"
"Deuce Vaughn","DAL","RB79","45.4","208.9","1.2","11.2","83.2","0.3","0.5","36.9"
"Eric Gray","NYG","RB80","50.0","212.7","1.1","8.5","71.6","0.4","0.5","36.7"
"Quez Watkins","PHI","WR110","0.8","1.2","0.0","17.6","292.0","1.2","0.2","35.9"
"Luke Schoonmaker","DAL","TE38","0.0","1.5","0.0","23.7","260.1","1.6","0.4","35.1"
"JaMycal Hasty","JAC","RB81","37.1","179.4","1.0","13.1","96.2","0.4","0.4","35.1"
"Braxton Berrios","MIA","WR111","2.3","25.6","0.4","20.1","250.4","0.9","0.3","34.9"
"Tank Dell","HOU","WR112","0.8","4.9","0.1","16.4","290.8","0.7","0.3","33.2"
"Robert Tonyan","CHI","TE39","0.0","0.3","0.0","20.7","233.1","1.6","0.0","33.0"
"Chris Moore","TEN","WR113","1.2","3.2","0.0","24.1","263.2","1.0","0.0","32.9"
"Sean Tucker","TB","RB82","52.9","207.5","0.8","7.1","66.5","0.2","0.3","32.9"
"Ty Montgomery","NE","RB83","39.3","120.5","0.6","19.0","130.0","0.7","0.1","32.4"
"Jauan Jennings","SF","WR114","0.0","0.2","0.0","19.9","257.8","1.1","0.0","32.2"
"Tim Patrick","DEN","WR115","0.0","0.0","0.0","0.0","316.0","0.1","0.0","32.2"
"Royce Freeman","LAR","RB84","15.5","191.9","1.0","10.8","63.8","0.2","0.4","32.0"
"Ke'Shawn Vaughn","TB","RB85","51.7","205.4","1.2","6.3","41.5","0.2","0.6","31.9"
"Xavier Hutchinson","HOU","WR116","1.2","7.4","0.1","0.0","297.8","0.1","0.2","31.3"
"DeeJay Dallas","SEA","RB86","33.1","160.5","0.8","11.1","88.3","0.3","0.1","31.2"
"Jordan Mason","SF","RB87","50.3","229.3","0.8","2.9","34.7","0.1","0.4","31.0"
"Olamide Zaccheaus","PHI","WR117","0.8","2.7","0.0","19.5","244.0","1.2","0.4","30.9"
"Donald Parham Jr.","LAC","TE40","0.0","0.3","0.0","17.9","215.1","1.5","0.0","30.7"
"Marquez Callaway","DEN","WR118","0.0","0.3","0.0","20.9","224.6","1.3","0.0","30.6"
"Kevin Harris","NE","RB88","61.2","207.4","1.1","3.1","31.3","0.1","0.2","30.5"
"Robbie Chosen","MIA","WR119","0.8","5.6","0.0","0.0","291.2","0.2","0.2","30.5"
"Deon Jackson","IND","RB89","44.0","138.1","0.6","17.6","111.5","0.5","0.6","30.4"
"Marquise Goodwin","CLE","WR120","1.2","6.0","0.0","15.8","210.4","1.4","0.0","30.3"
"Ameer Abdullah","LV","RB90","29.3","102.5","0.4","19.3","143.6","0.6","0.4","30.1"
"Kalif Raymond","DET","WR121","0.8","19.6","0.2","16.8","205.4","1.1","0.1","30.0"
"Brock Wright","DET","TE41","0.0","0.3","0.0","17.3","176.7","2.0","0.0","29.9"
"Noah Gray","KC","TE42","0.0","5.7","0.0","20.1","225.2","1.0","0.0","29.4"
"Jordan Akins","CLE","TE43","0.0","0.3","0.0","18.6","225.1","1.2","0.2","29.4"
"Amari Rodgers","IND","WR122","0.3","8.5","0.0","21.0","218.1","1.1","0.1","29.2"
"Jonnu Smith","ATL","TE44","0.0","5.8","0.0","18.5","211.6","1.2","0.0","29.0"
"Hassan Haskins","TEN","RB91","39.6","152.1","0.5","13.0","89.8","0.3","0.2","29.0"
"Noah Brown","HOU","WR123","0.1","0.5","0.0","21.2","235.8","0.9","0.1","28.8"
"Devin Duvernay","BAL","WR124","3.8","41.1","0.2","9.8","199.3","0.6","0.0","28.7"
"Michael Wilson","ARI","WR125","1.2","10.1","0.1","15.1","239.4","0.6","0.1","28.7"
"Charlie Jones","CIN","WR126","0.9","7.0","0.0","17.9","226.1","1.1","0.7","28.6"
"C.J. Uzomah","NYJ","TE45","0.0","0.6","0.0","18.3","199.0","1.4","0.0","28.5"
"Foster Moreau","NO","TE46","0.0","0.3","0.0","16.2","232.9","1.0","0.4","28.4"
"Demarcus Robinson","LAR","WR127","0.0","0.2","0.0","21.9","226.8","1.0","0.1","28.3"
"Will Dissly","SEA","TE47","0.0","0.6","0.0","19.0","215.6","1.1","0.0","28.2"
"Samori Toure","GB","WR128","0.4","3.4","0.0","19.6","214.2","1.1","0.1","28.1"
"DeWayne McBride","MIN","RB92","51.7","172.3","0.8","4.1","55.9","0.1","0.2","28.0"
"Zamir White","LV","RB93","53.5","181.3","1.3","3.1","15.6","0.1","0.1","28.0"
"Evan Hull","IND","RB94","45.7","174.6","0.6","5.2","62.0","0.1","0.2","27.4"
"Cole Beasley","NYG","WR129","0.0","0.5","0.0","17.7","196.8","1.3","0.0","27.4"
"Chris Rodriguez Jr.","WAS","RB95","41.2","170.0","0.8","6.7","49.4","0.1","0.1","27.2"
"Kene Nwangwu","MIN","RB96","43.9","148.8","0.9","8.7","57.4","0.3","0.2","27.1"
"Durham Smythe","MIA","TE48","0.0","3.6","0.0","20.8","207.4","1.0","0.0","27.0"
"Cade Johnson","SEA","WR130","0.0","2.4","0.0","16.5","191.1","1.2","0.0","26.8"
"Randall Cobb","NYJ","WR131","0.1","0.6","0.0","19.9","199.2","1.1","0.1","26.6"
"Raheem Blackshear","CAR","RB97","30.4","116.8","1.2","9.5","71.6","0.2","0.4","26.5"
"Trayveon Williams","CIN","RB98","49.2","181.4","0.6","6.4","51.4","0.2","0.9","26.4"
"Brenton Strange","JAC","TE49","0.0","1.4","0.0","22.6","193.7","1.3","0.4","26.3"
"Cedrick Wilson Jr.","MIA","WR132","0.4","0.8","0.0","19.3","203.1","1.0","0.0","26.2"
"Jalen Guyton","LAC","WR133","1.2","5.7","0.0","15.8","201.4","0.9","0.0","26.1"
"Kylen Granson","IND","TE50","0.0","3.5","0.0","17.9","204.6","0.8","0.0","25.6"
"Jimmy Graham","NO","TE51","0.0","0.7","0.0","19.3","181.8","1.2","0.1","25.3"
"Tommy Tremble","CAR","TE52","0.0","3.3","0.0","16.7","159.3","1.6","0.5","25.1"
"Boston Scott","PHI","RB99","32.6","148.6","1.2","3.6","36.0","0.1","0.5","25.0"
"Kyle Philips","TEN","WR134","1.0","5.1","0.0","13.2","207.6","0.6","0.2","24.9"
"Cody Chrest","GB","WR135","0.0","8.5","0.0","13.8","168.7","1.1","0.0","24.5"
"Josiah Deguara","GB","TE53","0.0","0.4","0.0","19.3","183.1","1.0","0.0","24.4"
"David Bell","CLE","WR136","0.0","0.3","0.0","12.7","215.1","0.5","0.0","24.3"
"Albert Okwuegbunam","DEN","TE54","0.0","0.0","0.0","14.8","180.6","1.1","0.3","24.0"
"Harrison Bryant","CLE","TE55","0.0","1.2","0.0","17.8","186.8","0.9","0.2","23.8"
"Darnell Washington","PIT","TE56","0.0","1.7","0.0","15.2","194.8","0.8","0.4","23.7"
"Justin Watson","KC","WR137","0.0","0.3","0.0","13.7","179.9","0.9","0.0","23.6"
"Brevin Jordan","HOU","TE57","0.0","0.0","0.0","16.0","202.2","0.6","0.0","23.5"
"Sincere McCormick","LV","RB100","30.0","136.0","1.0","4.0","39.0","0.0","0.0","23.5"
"J.J. Taylor","NE","RB101","4.5","121.3","0.9","5.6","44.2","0.2","0.2","22.8"
"A.T. Perry","NO","WR138","0.9","5.6","0.0","0.0","226.0","0.0","0.2","22.8"
"Kenny McIntosh","SEA","RB102","39.0","146.4","0.5","4.0","49.1","0.0","0.2","22.2"
"Patrick Taylor Jr.","GB","RB103","21.2","113.8","0.9","6.1","42.9","0.3","0.1","22.2"
"Charlie Kolar","BAL","TE58","0.0","1.7","0.0","14.8","166.6","0.9","0.0","22.1"
"Mo Alie-Cox","IND","TE59","0.0","0.3","0.0","12.5","165.5","1.1","0.5","21.9"
"Colby Parkinson","SEA","TE60","0.0","0.3","0.0","14.5","171.3","0.8","0.0","21.9"
"Tucker Kraft","GB","TE61","0.0","0.9","0.0","14.0","168.3","0.9","0.4","21.8"
"Anthony McFarland Jr.","PIT","RB104","18.3","121.3","0.6","8.2","48.4","0.2","0.1","21.7"
"Tyler Scott","CHI","WR139","0.9","5.3","0.0","0.0","213.7","0.0","0.1","21.7"
"Josh Oliver","MIN","TE62","0.0","0.4","0.0","15.2","150.4","1.1","0.0","21.6"
"D'Ernest Johnson","JAC","RB105","34.3","141.6","0.5","4.7","41.9","0.1","0.0","21.5"
"Jonathan Williams","WAS","RB106","41.1","119.6","0.7","6.4","44.8","0.2","0.1","21.5"
"Chris Evans","CIN","RB107","28.9","104.0","0.3","9.9","74.0","0.3","0.2","21.4"
"Jamal Agnew","JAC","WR140","3.7","45.4","0.3","14.6","123.1","0.5","0.1","21.4"
"Travis Homer","CHI","RB108","19.4","97.9","0.3","9.8","80.9","0.3","0.1","21.3"
"James Robinson","NYG","RB109","48.4","156.0","0.2","4.0","49.2","0.1","0.4","21.3"
"Trey Palmer","TB","WR141","0.4","2.2","0.0","15.2","184.2","0.5","0.1","21.2"
"Dan Arnold","PHI","TE63","0.0","0.0","0.0","10.0","166.2","0.8","0.2","21.1"
"Tony Jones Jr.","DEN","RB110","40.8","121.7","0.7","5.2","36.5","0.2","0.1","21.0"
"Elijah Higgins","MIA","TE64","0.0","0.0","0.0","11.0","168.1","0.7","0.1","20.9"
"Trent Sherfield","BUF","WR142","0.0","0.8","0.0","11.6","168.3","0.7","0.0","20.9"
"Peyton Hendershot","DAL","TE65","0.0","3.9","0.0","11.2","135.7","1.1","0.1","20.5"
"Tyrion Davis-Price","SF","RB111","33.6","131.7","0.4","3.6","44.8","0.1","0.2","20.4"
"Brycen Hopkins","LAR","TE66","0.0","0.3","0.0","13.1","151.0","0.9","0.0","20.4"
"Garett Maag","MIN","WR143","0.0","8.2","0.0","12.1","138.0","0.9","0.0","20.3"
"Lynn Bowden Jr.","NO","WR144","0.0","15.9","0.1","12.3","136.9","0.7","0.0","20.1"
"Dyami Brown","WAS","WR145","0.4","7.2","0.0","11.8","159.2","0.6","0.0","20.1"
"Brandon Bolden","LV","RB112","19.4","84.5","0.6","7.9","64.1","0.2","0.2","19.8"
"Tre Nixon","NE","WR146","0.0","6.3","0.0","10.1","137.5","0.9","0.0","19.8"
"Lawrence Cager","NYG","WR147","0.0","1.0","0.0","11.5","134.0","1.0","0.0","19.7"
"Kyle Juszczyk","SF","RB113","8.3","28.2","0.3","13.0","108.7","0.6","0.0","19.5"
"Adam Trautman","DEN","TE67","0.0","0.3","0.0","11.4","163.1","0.6","0.2","19.4"
"Marlon Mack","ARI","RB114","46.8","165.5","0.0","0.0","27.8","0.0","0.0","19.3"
"Ian Thomas","CAR","TE68","0.0","0.5","0.0","16.5","150.5","0.7","0.0","19.2"
"Steven Sims Jr.","HOU","WR148","0.0","28.0","0.2","9.3","112.2","0.6","0.1","18.8"
"Daniel Bellinger","NYG","TE69","0.0","1.0","0.0","9.9","153.4","0.6","0.4","18.5"
"Teagan Quitoriano","HOU","TE70","0.0","0.5","0.0","10.9","128.2","0.9","0.0","18.0"
"KhaDarel Hodge","ATL","WR149","0.0","4.0","0.0","11.6","123.2","0.9","0.0","18.0"
"Gary Brightwell","NYG","RB115","18.2","96.0","0.7","6.0","33.4","0.2","0.1","17.8"
"John Bates","WAS","TE71","0.0","0.4","0.0","14.2","138.3","0.7","0.0","17.8"
"Mike Boone","HOU","RB116","23.3","99.9","0.4","5.8","40.3","0.2","0.1","17.5"
"Blake Bell","KC","TE72","4.2","14.4","0.1","9.4","88.9","1.0","0.0","17.5"
"Zach Pascal","ARI","WR150","0.1","0.8","0.0","14.0","141.3","0.5","0.0","17.4"
"Snoop Conner","JAC","RB117","22.7","100.2","0.8","3.2","21.8","0.1","0.1","17.4"
"Dare Ogunbowale","HOU","RB118","10.6","78.2","0.5","7.4","52.7","0.2","0.0","17.2"
"Calvin Austin III","PIT","WR151","0.3","3.8","0.0","11.3","141.0","0.5","0.1","17.2"
"Greg Ward","PHI","WR152","0.0","0.7","0.0","10.0","131.0","0.6","0.0","16.9"
"Miller Forristall","CLE","TE73","0.0","0.0","0.0","11.0","109.0","1.0","0.0","16.9"
"John Kelly Jr.","CLE","RB119","19.0","81.9","0.5","5.8","42.9","0.3","0.2","16.9"
"Deneric Prince","KC","RB120","29.7","99.1","0.3","4.4","42.9","0.1","0.2","16.8"
"Hunter Luepke","DAL","RB121","18.0","47.8","0.6","6.7","45.4","0.6","0.0","16.6"
"Dee Eskridge","SEA","WR153","3.0","20.8","0.1","13.4","111.1","0.5","0.0","16.6"
"Cameron Latu","SF","TE74","0.0","1.6","0.0","13.1","119.9","0.7","0.0","16.6"
"Eric Saubert","MIA","TE75","0.0","0.5","0.0","13.1","120.9","0.7","0.0","16.6"
"Tyler Badie","DEN","RB122","15.2","79.4","0.4","7.6","48.0","0.2","0.1","16.5"
"Rico Dowdle","DAL","RB123","33.5","101.7","0.4","2.8","29.0","0.1","0.1","16.1"
"Tre' McKitty","LAC","TE76","0.0","0.9","0.0","11.9","123.0","0.6","0.0","16.0"
"Salvon Ahmed","MIA","RB124","31.7","97.1","0.1","4.3","52.1","0.1","0.0","15.9"
"David Moore","TB","WR154","0.0","10.4","0.1","8.7","104.1","0.6","0.0","15.9"
"Shi Smith","CAR","WR155","0.1","0.9","0.0","10.1","129.1","0.5","0.2","15.9"
"Lew Nichols III","GB","RB125","25.5","101.8","0.5","4.0","27.1","0.0","0.1","15.8"
"Geoff Swaim","ARI","TE77","0.0","0.0","0.0","20.9","115.2","0.7","0.0","15.7"
"Myles Gaskin","MIA","RB126","32.4","98.1","0.1","4.4","56.3","0.1","0.4","15.7"
"Josh Whyle","TEN","TE78","0.0","1.8","0.0","10.5","111.0","0.7","0.0","15.5"
"Demetric Felton Jr.","CLE","RB127","11.7","58.8","0.2","10.7","75.5","0.2","0.1","15.5"
"Brittain Brown","LV","RB128","17.3","77.7","0.6","4.1","33.7","0.1","0.0","15.2"
"Jody Fortson","KC","TE79","0.0","0.6","0.0","10.8","124.4","0.6","0.5","15.1"
"Trenton Irwin","CIN","WR156","0.1","0.7","0.0","13.5","119.0","0.5","0.0","15.1"
"Andrew Ogletree","IND","TE80","0.0","0.0","0.0","10.0","88.0","1.0","0.0","14.8"
"Nelson Agholor","BAL","WR157","0.4","1.2","0.0","3.7","139.2","0.2","0.3","14.6"
"Jamison Crowder","NYG","WR158","0.1","1.0","0.0","3.4","141.2","0.1","0.1","14.5"
"Payne Durham","TB","TE81","0.0","2.8","0.0","13.7","108.2","0.6","0.4","14.4"
"Craig Reynolds","DET","RB129","16.7","67.8","0.3","5.1","47.0","0.2","0.0","14.3"
"Parker Washington","JAC","WR159","0.6","3.6","0.0","0.0","141.2","0.0","0.1","14.3"
"Connor Heyward","PIT","TE82","0.0","11.4","0.0","7.1","94.5","0.6","0.0","14.2"
"Kendall Hinton","DEN","WR160","0.1","5.4","0.0","9.6","105.1","0.5","0.0","14.2"
"Andre Baccellia","ARI","WR161","0.0","0.0","0.0","9.1","116.9","0.4","0.0","14.1"
"Deven Thompkins","TB","WR162","0.0","16.6","0.2","6.3","85.9","0.4","0.0","13.7"
"Damiere Byrd","CAR","WR163","0.0","0.4","0.0","7.7","103.4","0.5","0.0","13.7"
"Zack Kuntz","NYJ","TE83","0.0","0.3","0.0","7.1","104.4","0.5","0.0","13.5"
"Velus Jones Jr.","CHI","WR164","0.4","34.2","0.1","3.9","79.1","0.2","0.1","13.3"
"Damarea Crockett","NYJ","RB130","14.1","59.5","0.4","4.6","34.0","0.3","0.0","13.2"
"Ty'Son Williams","ARI","RB131","19.8","73.6","0.5","3.7","26.3","0.1","0.0","13.2"
"Jeremy Ruckert","NYJ","TE84","0.0","0.3","0.0","6.5","100.7","0.5","0.0","13.2"
"Justice Hill","BAL","RB132","17.2","71.6","0.3","6.5","39.0","0.2","0.2","13.2"
"Tre Tucker","LV","WR165","0.3","7.1","0.0","10.1","101.1","0.4","0.1","13.2"
"Jack Stoll","PHI","TE85","0.0","0.3","0.0","10.4","106.0","0.4","0.0","13.1"
"DeAndre Carter","LV","WR166","0.5","7.1","0.0","8.6","102.1","0.4","0.2","13.0"
"Davis Allen","LAR","TE86","0.0","0.5","0.0","16.2","86.6","0.8","0.3","13.0"
"Andrew Beck","HOU","TE87","0.0","12.9","0.1","8.5","95.5","0.3","0.0","12.9"
"Phillip Dorsett II","LV","WR167","0.1","1.3","0.0","10.7","92.8","0.6","0.0","12.9"
"Equanimeous St. Brown","CHI","WR168","0.3","9.0","0.0","6.7","91.6","0.4","0.0","12.8"
"Brandon Powell","MIN","WR169","1.1","26.5","0.0","10.2","79.9","0.4","0.1","12.6"
"Stephen Sullivan","CAR","TE88","0.0","0.0","0.0","8.8","94.2","0.5","0.0","12.6"
"Jalen Virgil","DEN","WR170","0.0","0.0","0.0","7.1","92.2","0.6","0.0","12.6"
"Mohamed Ibrahim","DET","RB133","29.5","93.5","0.0","0.0","34.7","0.0","0.2","12.4"
"Zach Gentry","PIT","TE89","0.0","0.3","0.0","10.6","92.1","0.5","0.0","12.4"
"Scott Miller","ATL","WR171","0.5","5.3","0.1","6.7","96.8","0.3","0.0","12.4"
"Jalen Tolbert","DAL","WR172","0.7","3.6","0.0","3.8","104.3","0.2","0.1","12.2"
"Hunter Long","LAR","TE90","0.0","0.6","0.0","5.3","94.3","0.5","0.1","12.1"
"Stone Smartt","LAC","TE91","0.0","0.6","0.0","8.7","78.0","0.7","0.0","12.0"
"Ko Kieft","TB","TE92","0.0","0.7","0.0","7.8","82.3","0.6","0.0","12.0"
"Cole Turner","WAS","TE93","0.0","0.3","0.0","3.7","98.3","0.3","0.1","11.8"
"Reggie Gilliam","BUF","RB134","4.5","11.0","0.1","8.5","65.0","0.6","0.0","11.6"
"Tre'Quan Smith","NO","WR173","0.1","0.3","0.0","5.8","94.1","0.4","0.0","11.6"
"James Mitchell","DET","TE94","0.0","0.0","0.0","5.7","88.8","0.5","0.0","11.6"
"Marcedes Lewis","CHI","TE95","0.0","0.0","0.0","8.0","49.0","1.1","0.0","11.5"
"Tyler Kroft","MIA","TE96","0.0","0.6","0.0","8.0","79.3","0.6","0.0","11.4"
"Keaton Mitchell","BAL","RB135","26.6","83.6","0.0","0.0","31.0","0.0","0.1","11.3"
"Ashton Dulin","IND","WR174","0.1","3.4","0.0","8.0","85.8","0.4","0.0","11.3"
"Ross Dwelley","SF","TE97","0.0","0.0","0.0","3.6","76.5","0.6","0.0","11.2"
"Brayden Willis","SF","TE98","0.0","0.0","0.0","10.0","72.0","0.7","0.0","11.1"
"Denzel Mims","DET","WR175","0.0","0.1","0.0","5.6","92.2","0.3","0.0","11.0"
"Drew Sample","CIN","TE99","0.0","0.4","0.0","8.6","81.7","0.5","0.1","10.9"
"Will Mallory","IND","TE100","0.0","0.1","0.0","5.1","80.1","0.5","0.0","10.8"
"Alec Ingold","MIA","RB136","4.9","12.7","0.1","10.2","67.3","0.4","0.0","10.8"
"Kaylon Geiger Sr.","TB","WR176","0.0","6.1","0.1","5.5","70.7","0.4","0.0","10.7"
"Cody Thompson","SEA","WR177","0.0","0.0","0.0","7.4","85.7","0.4","0.0","10.7"
"Jalen Reagor","MIN","WR178","2.9","15.3","0.1","7.5","70.1","0.3","0.1","10.6"
"Andrei Iosivas","CIN","WR179","0.4","2.7","0.0","0.0","105.5","0.0","0.1","10.6"
"Deonte Harty","BUF","WR180","1.6","8.3","0.0","2.6","92.4","0.2","0.3","10.5"
"Bryan Edwards","NO","WR181","0.0","1.3","0.0","7.7","82.8","0.3","0.0","10.4"
"Jesper Horsted","LV","TE101","0.0","0.4","0.0","5.8","74.2","0.5","0.0","10.4"
"Quintin Morris","BUF","TE102","0.0","0.4","0.0","5.7","78.3","0.4","0.1","10.4"
"Larry Rountree III","LAC","RB137","10.0","41.3","0.3","4.6","33.8","0.2","0.1","10.2"
"Montrell Washington","DEN","WR182","0.0","8.8","0.0","4.6","68.6","0.4","0.0","9.9"
"Jakeem Grant Sr.","CLE","WR183","0.0","24.2","0.2","4.8","52.2","0.2","0.0","9.8"
"Giovanni Ricci","CAR","TE103","4.6","10.2","0.1","3.0","64.3","0.3","0.1","9.8"
"Ray-Ray McCloud III","SF","WR184","2.8","26.9","0.3","3.9","46.4","0.2","0.1","9.7"
"Julius Chestnut","TEN","RB138","12.6","44.8","0.1","5.7","37.4","0.2","0.1","9.7"
"Trey Sermon","PHI","RB139","17.5","58.8","0.1","3.8","29.6","0.1","0.1","9.7"
"Curtis Hodges","WAS","TE104","0.0","0.6","0.0","6.3","60.2","0.6","0.0","9.6"
"Luke Farrell","JAC","TE105","0.0","0.3","0.0","6.1","71.4","0.4","0.0","9.6"
"C.J. Ham","MIN","RB140","7.1","20.7","0.1","7.6","49.7","0.3","0.0","9.6"
"Kendall Blanton","KC","TE106","0.0","0.0","0.0","0.0","79.8","0.3","0.1","9.6"
"Johnny Mundt","MIN","TE107","0.0","0.4","0.0","5.6","75.7","0.3","0.0","9.5"
"Darrynton Evans","BUF","RB141","10.6","36.6","0.1","8.9","39.7","0.3","0.1","9.5"
"Trestan Ebner","CHI","RB142","17.7","59.9","0.1","2.9","26.5","0.1","0.1","9.5"
"Demario Douglas","NE","WR185","0.4","2.4","0.0","0.0","93.7","0.0","0.1","9.4"
"Chris Manhertz","DEN","TE108","0.0","0.3","0.0","5.1","68.6","0.4","0.0","9.3"
"Dontayvion Wicks","GB","WR186","0.4","2.9","0.0","4.7","80.5","0.2","0.1","9.3"
"Tanner Hudson","CIN","TE109","0.0","0.3","0.0","6.4","71.6","0.3","0.0","9.2"
"Zander Horvath","LAC","RB143","8.2","19.6","0.0","5.9","21.9","0.8","0.0","9.2"
"Simi Fehoko","DAL","WR187","0.0","0.8","0.0","5.7","62.5","0.5","0.0","9.1"
"Mike Strachan","IND","WR188","0.0","0.0","0.0","5.7","67.9","0.3","0.0","8.8"
"Grant Calcaterra","PHI","TE110","0.0","0.3","0.0","3.1","69.9","0.3","0.1","8.7"
"Devin Asiasi","CIN","TE111","0.0","0.1","0.0","5.6","59.1","0.4","0.0","8.5"
"Shane Zylstra","DET","TE112","0.0","0.0","0.0","3.9","66.1","0.3","0.1","8.4"
"La'Mical Perine","KC","RB144","4.2","17.6","0.2","5.0","35.7","0.3","0.0","8.4"
"Jermar Jefferson","DET","RB145","4.6","19.4","0.2","4.4","34.5","0.3","0.0","8.3"
"Justin Shorter","BUF","WR189","0.3","2.1","0.0","0.0","81.8","0.0","0.1","8.2"
"Bryce Ford-Wheaton","NYG","WR190","0.3","2.1","0.0","0.0","81.8","0.0","0.1","8.2"
"Dante Pettis","CHI","WR191","0.1","4.5","0.0","6.2","64.6","0.2","0.0","8.2"
"Lance McCutcheon","LAR","WR192","0.0","0.7","0.0","3.8","63.4","0.3","0.0","8.0"
"Trevon Wesco","TEN","TE113","0.0","0.5","0.0","2.4","60.7","0.3","0.1","7.9"
"Darrius Shepherd","LAC","WR193","0.0","5.0","0.0","4.1","55.4","0.3","0.0","7.9"
"Kevin Austin Jr.","JAC","WR194","0.0","1.9","0.0","4.3","53.9","0.3","0.0","7.6"
"Byron Pringle","WAS","WR195","0.0","0.0","0.0","6.8","63.9","0.2","0.0","7.6"
"Godwin Igwebuike","ATL","RB146","0.0","13.3","0.1","6.0","43.5","0.2","0.1","7.6"
"Armani Rogers","WAS","TE114","0.0","0.0","0.0","7.3","52.0","0.4","0.0","7.6"
"Gunner Olszewski","PIT","WR196","0.0","24.1","0.0","2.3","39.6","0.2","0.1","7.4"
"Patrick Ricard","BAL","RB147","5.9","16.8","0.1","7.0","42.8","0.3","0.4","7.4"
"Jonathan Ward","TEN","RB148","10.1","42.9","0.2","1.9","14.0","0.1","0.0","7.4"
"Eric Tomlinson","HOU","TE115","0.0","0.3","0.0","5.6","50.4","0.4","0.0","7.3"
"Qadree Ollison","JAC","RB149","4.5","18.8","0.2","4.5","31.9","0.2","0.0","7.1"
"Kevin Rader","TEN","TE116","0.0","0.6","0.0","0.8","55.5","0.3","0.1","7.1"
"Chris Myarick","NYG","TE117","0.0","0.0","0.0","3.7","56.6","0.3","0.1","7.0"
"KaVontae Turpin","DAL","WR197","0.0","4.3","0.0","3.6","45.8","0.3","0.0","7.0"
"Tommy Sweeney","NYG","TE118","0.0","0.0","0.0","3.7","56.6","0.3","0.1","7.0"
"Jason Cabinda","DET","LB1","4.6","12.5","0.1","4.4","33.3","0.3","0.0","6.9"
"Patrick Laird","TB","RB150","4.4","18.2","0.2","4.1","30.5","0.2","0.0","6.9"
"Spencer Brown","CAR","RB151","4.6","19.7","0.2","4.1","28.5","0.2","0.0","6.9"
"Maurice Alexander","DET","WR198","0.0","0.0","0.0","3.6","48.3","0.3","0.0","6.8"
"Nate McCrary","GB","RB152","5.4","22.7","0.1","3.8","28.1","0.2","0.0","6.8"
"Matthew Slater","NE","WR199","0.0","1.1","0.0","2.3","54.2","0.2","0.0","6.7"
"Trinity Benson","DET","WR200","0.0","0.0","0.0","3.5","46.9","0.3","0.0","6.7"
"Ronnie Rivers","LAR","RB153","4.6","19.4","0.1","4.0","30.4","0.2","0.0","6.6"
"Joe Reed","CHI","WR201","0.0","7.7","0.0","2.1","45.4","0.2","0.0","6.6"
"Avery Williams","ATL","RB154","5.4","22.8","0.2","3.5","22.4","0.2","0.0","6.6"
"River Cracraft","MIA","WR202","0.1","0.7","0.0","4.6","51.0","0.2","0.0","6.5"
"Parker Hesse","ATL","TE119","0.0","0.3","0.0","3.3","52.6","0.2","0.0","6.5"
"Dezmon Patmon","BUF","WR203","0.0","0.0","0.0","3.6","44.0","0.3","0.0","6.4"
"Isaiah Coulter","BUF","WR204","0.0","0.0","0.0","3.7","44.4","0.3","0.0","6.4"
"Gerrid Doaks","HOU","RB155","4.7","19.8","0.1","4.0","27.7","0.2","0.0","6.3"
"Easop Winston Jr.","SEA","WR205","0.0","2.1","0.0","3.6","47.8","0.2","0.0","6.3"
"Dennis Houston","DAL","WR206","0.0","0.0","0.0","3.5","42.3","0.3","0.0","6.3"
"Andy Isabella","BUF","WR207","0.0","5.6","0.0","2.5","40.9","0.2","0.0","6.3"
"Stanley Morgan Jr.","CIN","WR208","0.0","0.0","0.0","3.8","42.9","0.3","0.0","6.2"
"Jake Funk","IND","RB156","5.5","23.2","0.1","3.5","24.1","0.2","0.0","6.1"
"Seth Williams","JAC","WR209","0.0","0.0","0.0","3.7","47.0","0.2","0.0","6.0"
"Jaleel McLaughlin","DEN","RB157","15.0","45.0","0.0","0.0","16.7","0.0","0.1","6.0"
"KeeSean Johnson","BUF","WR210","0.0","0.0","0.0","3.6","41.0","0.3","0.0","6.0"
"Jacob Harris","JAC","TE120","0.0","0.0","0.0","3.7","46.2","0.2","0.0","5.9"
"Jaelon Darden","CLE","WR211","0.0","2.9","0.0","2.4","45.2","0.2","0.0","5.9"
"Brandon Johnson","DEN","WR212","0.0","0.8","0.0","3.4","42.3","0.2","0.0","5.6"
"Danny Gray","SF","WR213","0.3","2.1","0.0","1.5","50.8","0.1","0.1","5.6"
"David Wells","TB","TE121","0.0","2.0","0.0","3.0","29.5","0.4","0.0","5.6"
"Tanner Conner","MIA","WR214","0.0","0.0","0.0","4.0","37.8","0.3","0.0","5.5"
"Jaret Patterson","WAS","RB158","9.3","30.1","0.1","2.4","12.5","0.1","0.0","5.5"
"James Proche II","BAL","WR215","0.0","1.2","0.0","2.1","43.7","0.2","0.0","5.5"
"MyCole Pruitt","ATL","TE122","0.0","0.0","0.0","0.0","30.6","0.4","0.0","5.5"
"Jalen Nailor","MIN","WR216","0.3","1.0","0.0","2.8","44.3","0.2","0.1","5.4"
"Tyler Mabry","SEA","TE123","0.0","0.4","0.0","3.3","36.4","0.3","0.0","5.4"
"Dominique Dafney","TB","TE124","0.0","0.0","0.0","3.7","38.3","0.3","0.0","5.4"
"Erik Ezukanma","MIA","WR217","0.0","0.0","0.0","3.6","42.2","0.2","0.0","5.3"
"Trent Taylor","CIN","WR218","0.0","5.8","0.0","2.3","32.2","0.2","0.0","5.1"
"C.J. Saunders","CAR","WR219","0.0","0.0","0.0","3.4","40.1","0.2","0.0","5.1"
"Anthony Firkser","NE","TE125","0.0","0.0","0.0","3.9","36.4","0.2","0.0","5.1"
"Anthony Schwartz","CLE","WR220","0.8","7.4","0.1","3.0","36.3","0.1","0.2","5.1"
"Sean McKeon","DAL","TE126","0.0","0.4","0.0","2.4","31.9","0.3","0.0","5.1"
"Michael Burton","DEN","RB159","4.7","12.1","0.1","3.3","19.3","0.2","0.0","5.1"
"Cam Sims","LV","WR221","0.1","0.3","0.0","3.4","44.8","0.1","0.0","5.0"
"Dez Fitzpatrick","PIT","WR222","0.0","0.0","0.0","3.3","39.9","0.2","0.0","5.0"
"Cody White","PIT","WR223","0.0","0.0","0.0","3.3","39.5","0.2","0.0","5.0"
"Adam Prentice","NO","RB160","0.0","11.3","0.1","4.0","19.7","0.2","0.0","5.0"
"Mason Schreck","HOU","TE127","0.0","0.0","0.0","3.6","35.2","0.2","0.0","5.0"
"Dalton Keene","HOU","TE128","0.0","0.0","0.0","3.6","35.1","0.2","0.0","5.0"
"Keke Coutee","NO","WR224","0.0","0.0","0.0","3.4","39.0","0.2","0.0","4.9"
"Keelan Cole Sr.","LV","WR225","0.0","0.0","0.0","3.3","38.9","0.2","0.0","4.9"
"Henry Pearson","GB","RB161","0.0","13.1","0.1","3.7","16.4","0.2","0.0","4.9"
"Mason Kinsey","TEN","WR226","0.0","0.0","0.0","3.1","38.5","0.2","0.0","4.9"
"Michael Woods II","CLE","WR227","0.0","0.0","0.0","3.1","38.2","0.2","0.0","4.8"
"Racey McMath","TEN","WR228","0.0","0.0","0.0","3.0","37.8","0.2","0.0","4.8"
"Noah Togiai","ARI","TE129","0.0","0.5","0.0","3.0","32.0","0.2","0.0","4.7"
"Chris Conley","SF","WR229","0.0","0.0","0.0","3.0","35.8","0.2","0.0","4.7"
"Tim Jones","JAC","WR230","0.0","0.7","0.0","2.5","36.3","0.2","0.0","4.6"
"Tylan Wallace","BAL","WR231","0.2","1.0","0.0","3.0","39.8","0.1","0.0","4.6"
"Malik Turner","IND","WR232","0.0","0.0","0.0","2.9","35.5","0.2","0.0","4.6"
"Frank Darby","ATL","WR233","0.0","0.6","0.0","1.8","35.0","0.2","0.0","4.5"
"Pharaoh Brown","IND","TE130","0.0","0.1","0.0","1.9","41.1","0.1","0.1","4.4"
"Vyncint Smith","IND","WR234","0.0","0.0","0.0","2.8","34.0","0.2","0.0","4.4"
"Mitchell Wilcox","CIN","TE131","0.0","0.0","0.0","0.0","44.1","0.0","0.0","4.4"
"Jalen Camp","HOU","WR235","0.0","3.3","0.0","2.0","30.8","0.1","0.0","4.3"
"Tyler Davis","GB","TE132","0.0","0.3","0.0","2.5","25.0","0.3","0.0","4.3"
"Austin Trammell","LAR","WR236","0.0","0.4","0.0","2.2","33.9","0.1","0.0","4.3"
"Josh Ali","ATL","WR237","0.0","0.0","0.0","2.8","32.7","0.2","0.0","4.3"
"Feleipe Franks","ATL","QB1","0.0","0.0","0.0","3.1","29.4","0.2","0.0","4.3"
"Quintez Cephus","DET","WR238","0.0","0.0","0.0","0.0","42.0","0.0","0.0","4.2"
"Charlie Woerner","SF","TE133","0.0","0.7","0.0","3.4","25.3","0.3","0.0","4.2"
"Dareke Young","SEA","WR239","0.0","0.3","0.0","2.9","31.6","0.2","0.0","4.1"
"Khari Blasingame","CHI","RB162","5.8","13.8","0.1","2.6","12.1","0.1","0.0","4.0"
"Jack Colletto","SF","RB163","0.0","7.3","0.1","3.6","16.3","0.2","0.0","3.9"
"Daurice Fountain","CHI","WR240","0.0","0.0","0.0","2.4","28.7","0.2","0.0","3.9"
"Nsimba Webster","CHI","WR241","0.0","0.0","0.0","2.4","28.5","0.2","0.0","3.9"
"Keith Smith","ATL","RB164","5.4","12.2","0.1","2.8","11.5","0.1","0.0","3.8"
"N'Keal Harry","MIN","WR242","0.3","2.3","0.0","0.0","34.5","0.0","0.0","3.7"
"Keith Kirkwood","NO","WR243","0.0","0.1","0.0","2.3","28.8","0.1","0.0","3.7"
"Matt Sokol","NE","TE134","0.0","0.9","0.0","1.7","17.2","0.3","0.0","3.6"
"Miles Boykin","PIT","WR244","0.0","0.3","0.0","1.6","28.9","0.1","0.0","3.5"
"James Washington","NO","WR245","0.0","0.1","0.0","1.9","26.8","0.1","0.0","3.5"
"Alex Erickson","NYJ","WR246","0.0","0.2","0.0","2.1","25.1","0.1","0.0","3.3"
"Ty Scott","KC","WR247","0.0","0.9","0.0","2.0","22.2","0.2","0.0","3.3"
"Kawaan Baker","NO","WR248","0.0","0.0","0.0","1.6","20.0","0.2","0.0","3.0"
"Jakob Johnson","LV","RB165","0.0","2.0","0.0","4.5","16.0","0.2","0.0","2.9"
"Nick Vannett","HOU","TE135","0.0","0.0","0.0","2.1","19.1","0.1","0.0","2.7"
"Tyree Jackson","PHI","TE136","0.0","0.0","0.0","0.0","14.0","0.2","0.0","2.6"
"Dax Milne","WAS","WR249","0.1","0.1","0.0","3.3","22.1","0.1","0.1","2.5"
"Kendric Pryor","JAC","WR250","0.1","0.6","0.0","0.0","23.2","0.0","0.0","2.4"
"David Sills V","NYG","WR251","0.2","1.0","0.0","0.0","22.4","0.0","0.0","2.3"
"Breshad Perriman","IND","WR252","0.0","0.7","0.0","1.1","16.3","0.1","0.0","2.2"
"Ellis Merriweather","NO","RB166","0.0","10.2","0.1","0.5","3.7","0.0","0.0","2.0"
"Tyler Goodson","GB","RB167","0.0","10.2","0.1","0.5","2.6","0.0","0.0","1.9"
"Sammis Reyes","JAC","TE137","0.0","0.2","0.0","1.4","10.4","0.1","0.0","1.7"
"Jason Brownlee","NYJ","WR253","0.0","0.4","0.0","0.8","9.7","0.1","0.0","1.5"
"Hunter Kampmoyer","LAC","TE138","0.0","0.2","0.0","0.5","3.9","0.1","0.0","0.8"
"Taylor Grimes","DEN","WR254","0.0","0.3","0.0","0.3","4.8","0.0","0.0","0.6"
"Khalan Laborn","SF","RB168","0.0","0.0","0.0","0.5","3.3","0.0","0.0","0.5"
"Ben Mason","BAL","RB169","0.0","0.0","0.0","0.3","2.0","0.0","0.0","0.2"
"Britain Covey","PHI","WR255","0.0","0.3","0.0","0.0","1.6","0.0","0.0","0.2"
"Nick Bellore","SEA","LB2","0.0","0.0","0.0","0.0","0.0","0.0","0.0","0.0"
""
""